name,role,contact
Ana Costa,organiser (the owner),ana@example.org
Dev Patel,volunteer electrician (PAT testing),dev@example.org
Hannah Wu,volunteer fixer (textiles),hannah@example.org
Ravi Kumar,volunteer fixer (electronics),ravi@example.org
Beth Moore,volunteer fixer (bikes),beth@example.org
Luis Ortega,volunteer fixer (furniture),luis@example.org
Nora Kelly,volunteer fixer (small appliances),nora@example.org
Village hall committee,venue,hall@example.org
PrintFast,flyer printer,orders@printfast.example
Repair network insurance desk,insurance,insure@repairnet.example
Greenbroker,insurance broker,sales@greenbroker.example
